{"v":"5.5.9","fr":60,"ip":0,"op":91,"w":1080,"h":2340,"nm":"launch_in","ddd":0,"assets":[{"id":"image_0","w":294,"h":294,"u":"images/","p":"img_0.png","e":0}],"layers":[{"ddd":0,"ind":2,"ty":4,"nm":"lb","sr":1,"ks":{"o":{"a":0,"k":100,"ix":11},"r":{"a":0,"k":0,"ix":10},"p":{"a":0,"k":[332.125,1120,0],"ix":2},"a":{"a":0,"k":[0,0,0],"ix":1},"s":{"a":0,"k":[100,100,100],"ix":6}},"ao":0,"shapes":[{"ty":"gr","it":[{"ty":"rc","d":1,"s":{"a":0,"k":[0,240],"ix":2,"x":"var $bm_rt;\nvar h, ani_percentage, v;\nh = 240;\nani_percentage = thisComp.layer('controller').effect('ani_completion')('Slider');\nv = linear(ani_percentage, 50, 100, 0, 208);\n$bm_rt = [\n    v,\n    h\n];"},"p":{"a":0,"k":[0,0],"ix":3,"x":"var $bm_rt;\nvar temp;\ntemp = $bm_div(content('Rectangle 1').content('Rectangle Path 1').size[0], 2);\n$bm_rt = [\n    temp,\n    value[1]\n];"},"r":{"a":0,"k":0,"ix":4},"nm":"Rectangle Path 1","mn":"ADBE Vector Shape - Rect","hd":false},{"ty":"fl","c":{"a":0,"k":[0.193750029919,0.42384260589,1,1],"ix":4},"o":{"a":0,"k":100,"ix":5},"r":1,"bm":0,"nm":"Fill 1","mn":"ADBE Vector Graphic - Fill","hd":false},{"ty":"tr","p":{"a":0,"k":[0,0],"ix":2},"a":{"a":0,"k":[0,0],"ix":1},"s":{"a":0,"k":[100,100],"ix":3},"r":{"a":0,"k":0,"ix":6},"o":{"a":0,"k":100,"ix":7},"sk":{"a":0,"k":30,"ix":4},"sa":{"a":0,"k":90,"ix":5},"nm":"Transform"}],"nm":"Rectangle 1","np":3,"cix":2,"bm":0,"ix":1,"mn":"ADBE Vector Group","hd":false}],"ip":0,"op":91,"st":0,"bm":0},{"ddd":0,"ind":3,"ty":4,"nm":"rb","sr":1,"ks":{"o":{"a":0,"k":100,"ix":11},"r":{"a":0,"k":0,"ix":10},"p":{"a":0,"k":[748.125,1120,0],"ix":2},"a":{"a":0,"k":[0,0,0],"ix":1},"s":{"a":0,"k":[100,100,100],"ix":6}},"ao":0,"shapes":[{"ty":"gr","it":[{"ty":"rc","d":1,"s":{"a":0,"k":[0,240],"ix":2,"x":"var $bm_rt;\nvar h, ani_percentage, v;\nh = 240;\nani_percentage = thisComp.layer('controller').effect('ani_completion')('Slider');\nv = linear(ani_percentage, 50, 100, 0, 208);\n$bm_rt = [\n    v,\n    h\n];"},"p":{"a":0,"k":[0,0],"ix":3,"x":"var $bm_rt;\nvar temp;\ntemp = $bm_div($bm_neg(content('Rectangle 1').content('Rectangle Path 1').size[0]), 2);\n$bm_rt = [\n    temp,\n    value[1]\n];"},"r":{"a":0,"k":0,"ix":4},"nm":"Rectangle Path 1","mn":"ADBE Vector Shape - Rect","hd":false},{"ty":"fl","c":{"a":0,"k":[0.238863342884,0.456081225825,1,1],"ix":4},"o":{"a":0,"k":100,"ix":5},"r":1,"bm":0,"nm":"Fill 1","mn":"ADBE Vector Graphic - Fill","hd":false},{"ty":"tr","p":{"a":0,"k":[0,0],"ix":2},"a":{"a":0,"k":[0,0],"ix":1},"s":{"a":0,"k":[100,100],"ix":3},"r":{"a":0,"k":0,"ix":6},"o":{"a":0,"k":100,"ix":7},"sk":{"a":0,"k":-30,"ix":4},"sa":{"a":0,"k":90,"ix":5},"nm":"Transform"}],"nm":"Rectangle 1","np":3,"cix":2,"bm":0,"ix":1,"mn":"ADBE Vector Group","hd":false}],"ip":0,"op":91,"st":0,"bm":0},{"ddd":0,"ind":4,"ty":1,"nm":"cover","sr":1,"ks":{"o":{"a":0,"k":100,"ix":11},"r":{"a":0,"k":0,"ix":10},"p":{"a":0,"k":[540,1780,0],"ix":2},"a":{"a":0,"k":[540,540,0],"ix":1},"s":{"a":0,"k":[100,100,100],"ix":6}},"ao":0,"sw":1080,"sh":1080,"sc":"#ffffff","ip":0,"op":71,"st":0,"bm":0},{"ddd":0,"ind":5,"ty":2,"nm":"WeCharWorkIcon.png","cl":"png","refId":"image_0","sr":1,"ks":{"o":{"a":0,"k":100,"ix":11},"r":{"a":0,"k":0,"ix":10},"p":{"s":true,"x":{"a":0,"k":540,"ix":3},"y":{"a":1,"k":[{"i":{"x":[0.502],"y":[1]},"o":{"x":[0.501],"y":[0]},"t":50,"s":[1270]},{"t":90,"s":[941]}],"ix":4}},"a":{"a":0,"k":[147,147,0],"ix":1},"s":{"a":0,"k":[100,100,100],"ix":6}},"ao":0,"ip":51,"op":91,"st":10,"bm":0},{"ddd":0,"ind":7,"ty":4,"nm":"lu","sr":1,"ks":{"o":{"a":0,"k":100,"ix":11},"r":{"a":0,"k":0,"ix":10},"p":{"a":0,"k":[540,999.375,0],"ix":2},"a":{"a":0,"k":[0,0,0],"ix":1},"s":{"a":0,"k":[100,100,100],"ix":6}},"ao":0,"shapes":[{"ty":"gr","it":[{"ty":"rc","d":1,"s":{"a":1,"k":[{"i":{"x":[0.498,0.667],"y":[1,1]},"o":{"x":[0.498,0.333],"y":[0,0]},"t":0,"s":[0,240]},{"t":30,"s":[208,240]}],"ix":2,"x":"var $bm_rt;\nvar h, ani_percentage, v;\nh = 240;\nani_percentage = thisComp.layer('controller').effect('ani_completion')('Slider');\nv = linear(ani_percentage, 0, 50, 0, 208);\n$bm_rt = [\n    v,\n    h\n];"},"p":{"a":0,"k":[0,0],"ix":3,"x":"var $bm_rt;\nvar temp;\ntemp = $bm_div($bm_neg(content('Rectangle 1').content('Rectangle Path 1').size[0]), 2);\n$bm_rt = [\n    temp,\n    value[1]\n];"},"r":{"a":0,"k":0,"ix":4},"nm":"Rectangle Path 1","mn":"ADBE Vector Shape - Rect","hd":false},{"ty":"fl","c":{"a":0,"k":[0.141990302591,0.344444304822,0.851393995098,1],"ix":4},"o":{"a":0,"k":100,"ix":5},"r":1,"bm":0,"nm":"Fill 1","mn":"ADBE Vector Graphic - Fill","hd":false},{"ty":"tr","p":{"a":0,"k":[0,0],"ix":2},"a":{"a":0,"k":[0,0],"ix":1},"s":{"a":0,"k":[100,100],"ix":3},"r":{"a":0,"k":0,"ix":6},"o":{"a":0,"k":100,"ix":7},"sk":{"a":0,"k":-30,"ix":4},"sa":{"a":0,"k":90,"ix":5},"nm":"Transform"}],"nm":"Rectangle 1","np":3,"cix":2,"bm":0,"ix":1,"mn":"ADBE Vector Group","hd":false}],"ip":0,"op":91,"st":0,"bm":0},{"ddd":0,"ind":8,"ty":4,"nm":"ru","sr":1,"ks":{"o":{"a":0,"k":100,"ix":11},"r":{"a":0,"k":0,"ix":10},"p":{"a":0,"k":[540,999.375,0],"ix":2},"a":{"a":0,"k":[0,0,0],"ix":1},"s":{"a":0,"k":[100,100,100],"ix":6}},"ao":0,"shapes":[{"ty":"gr","it":[{"ty":"rc","d":1,"s":{"a":0,"k":[0,240],"ix":2,"x":"var $bm_rt;\nvar h, ani_percentage, v;\nh = 240;\nani_percentage = thisComp.layer('controller').effect('ani_completion')('Slider');\nv = linear(ani_percentage, 0, 50, 0, 208);\n$bm_rt = [\n    v,\n    h\n];"},"p":{"a":0,"k":[0,0],"ix":3,"x":"var $bm_rt;\nvar temp;\ntemp = $bm_div(content('Rectangle 1').content('Rectangle Path 1').size[0], 2);\n$bm_rt = [\n    temp,\n    value[1]\n];"},"r":{"a":0,"k":0,"ix":4},"nm":"Rectangle Path 1","mn":"ADBE Vector Shape - Rect","hd":false},{"ty":"fl","c":{"a":0,"k":[0.109929185755,0.307381723441,0.801807598039,1],"ix":4},"o":{"a":0,"k":100,"ix":5},"r":1,"bm":0,"nm":"Fill 1","mn":"ADBE Vector Graphic - Fill","hd":false},{"ty":"tr","p":{"a":0,"k":[0,0],"ix":2},"a":{"a":0,"k":[0,0],"ix":1},"s":{"a":0,"k":[100,100],"ix":3},"r":{"a":0,"k":0,"ix":6},"o":{"a":0,"k":100,"ix":7},"sk":{"a":0,"k":30,"ix":4},"sa":{"a":0,"k":90,"ix":5},"nm":"Transform"}],"nm":"Rectangle 1","np":3,"cix":2,"bm":0,"ix":1,"mn":"ADBE Vector Group","hd":false}],"ip":0,"op":91,"st":0,"bm":0}],"markers":[]}